{
      "type": {
            "BilateralInvestment": "双边贸易"
      }, 
      "common": [
            {
                  "total": "进出口总额", 
                  "inside": "从中国进口", 
                  "outside": "对中国出口"
            }
      ], 
      "total": [
            {
                  "date": "2013年", 
                  "阿尔巴尼亚": "55944", 
                  "阿富汗": "33785", 
                  "阿联酋": "4623482", 
                  "阿曼": "2294146", 
                  "阿塞拜疆": "110215", 
                  "埃及": "1021428", 
                  "埃塞俄比亚": "218415", 
                  "爱沙尼亚": "130940", 
                  "巴基斯坦": "1421644", 
                  "巴勒斯坦": "9086", 
                  "巴林": "154411", 
                  "白俄罗斯": "145267", 
                  "保加利亚": "207373", 
                  "波黑": "11221", 
                  "波兰": "1480667", 
                  "不丹": "1741", 
                  "东帝汶": "4778", 
                  "俄罗斯": "8925900", 
                  "菲律宾": "3804994", 
                  "格鲁吉亚": "91655", 
                  "哈萨克斯坦": "2859596", 
                  "韩国": "27423771", 
                  "黑山": "10253", 
                  "吉尔吉斯斯坦": "513770", 
                  "柬埔寨": "377314", 
                  "捷克": "945272", 
                  "卡塔尔": "1017426", 
                  "科威特": "1226215", 
                  "克罗地亚": "149421", 
                  "拉脱维亚": "147343", 
                  "老挝": "273266", 
                  "黎巴嫩": "253641", 
                  "立陶宛": "181096", 
                  "罗马尼亚": "403004", 
                  "马尔代夫": "9783", 
                  "马来西亚": "10608338", 
                  "北马其顿": "17145", 
                  "蒙古国": "595914", 
                  "孟加拉国": "1030745", 
                  "缅甸": "1019556", 
                  "摩尔多瓦": "13122", 
                  "南非": "6521920", 
                  "尼泊尔": "225414", 
                  "塞尔维亚": "61204", 
                  "沙特阿拉伯": "7219053", 
                  "斯里兰卡": "361911", 
                  "斯洛伐克": "654259", 
                  "斯洛文尼亚": "213561", 
                  "塔吉克斯坦": "195812", 
                  "泰国": "7124055", 
                  "土耳其": "2223323", 
                  "土库曼斯坦": "1003090", 
                  "文莱": "179358", 
                  "乌克兰": "1112209", 
                  "乌兹别克斯坦": "455145", 
                  "新加坡": "7589638", 
                  "新西兰": "1238490", 
                  "匈牙利": "840743", 
                  "叙利亚": "69486", 
                  "亚美尼亚": "19299", 
                  "也门": "520012", 
                  "伊拉克": "2487885", 
                  "伊朗": "3942651", 
                  "以色列": "1082662", 
                  "印度": "6540266", 
                  "印度尼西亚": "6835475", 
                  "约旦": "360443", 
                  "越南": "6547819"
            }, 
            {
                  "date": "2014年", 
                  "阿尔巴尼亚": "56759", 
                  "阿富汗": "41093", 
                  "阿联酋": "5479786", 
                  "阿曼": "2586124", 
                  "阿塞拜疆": "94232", 
                  "埃及": "1162003", 
                  "埃塞俄比亚": "341226", 
                  "爱沙尼亚": "137160", 
                  "巴基斯坦": "1599835", 
                  "巴勒斯坦": "7559", 
                  "巴林": "141575", 
                  "白俄罗斯": "184887", 
                  "保加利亚": "216292", 
                  "波黑": "32123", 
                  "波兰": "1719154", 
                  "不丹": "1122", 
                  "东帝汶": "6044", 
                  "俄罗斯": "9527045", 
                  "菲律宾": "4445771", 
                  "格鲁吉亚": "96179", 
                  "哈萨克斯坦": "2245167", 
                  "韩国": "29044222", 
                  "黑山": "21063", 
                  "吉尔吉斯斯坦": "529794", 
                  "柬埔寨": "375765", 
                  "捷克": "1097959", 
                  "卡塔尔": "1059074", 
                  "科威特": "1343369", 
                  "克罗地亚": "112799", 
                  "拉脱维亚": "146361", 
                  "老挝": "361736", 
                  "黎巴嫩": "263025", 
                  "立陶宛": "181578", 
                  "罗马尼亚": "474384", 
                  "马尔代夫": "10437", 
                  "马来西亚": "10200563", 
                  "北马其顿": "16725", 
                  "蒙古国": "731847", 
                  "孟加拉国": "1254338", 
                  "缅甸": "2496893", 
                  "摩尔多瓦": "14000", 
                  "南非": "6026728", 
                  "尼泊尔": "233065", 
                  "塞尔维亚": "53730", 
                  "沙特阿拉伯": "6908327", 
                  "斯里兰卡": "404107", 
                  "斯洛伐克": "620457", 
                  "斯洛文尼亚": "232341", 
                  "塔吉克斯坦": "251594", 
                  "泰国": "7262116", 
                  "土耳其": "2301085", 
                  "土库曼斯坦": "1047044", 
                  "文莱": "193653", 
                  "乌克兰": "858977", 
                  "乌兹别克斯坦": "427612", 
                  "新加坡": "7973991", 
                  "新西兰": "1424347", 
                  "匈牙利": "902407", 
                  "叙利亚": "98650", 
                  "亚美尼亚": "28998", 
                  "也门": "513417", 
                  "伊拉克": "2850508", 
                  "伊朗": "5184234", 
                  "以色列": "1087974", 
                  "印度": "7057611", 
                  "印度尼西亚": "6354485", 
                  "约旦": "362774", 
                  "越南": "8363641"
            }, 
            {
                  "date": "2015年", 
                  "阿尔巴尼亚": "55805", 
                  "阿富汗": "37359", 
                  "阿联酋": "4853420", 
                  "阿曼": "1716381", 
                  "阿塞拜疆": "66205", 
                  "埃及": "1287642", 
                  "埃塞俄比亚": "382122", 
                  "爱沙尼亚": "118825", 
                  "巴基斯坦": "1891665", 
                  "巴勒斯坦": "6969", 
                  "巴林": "112339", 
                  "白俄罗斯": "175972", 
                  "保加利亚": "179157", 
                  "波黑": "11371", 
                  "波兰": "1708682", 
                  "不丹": "847", 
                  "东帝汶": "10526", 
                  "俄罗斯": "6801554", 
                  "菲律宾": "4563645", 
                  "格鲁吉亚": "81246", 
                  "哈萨克斯坦": "1429019", 
                  "韩国": "27579247", 
                  "黑山": "15842", 
                  "吉尔吉斯斯坦": "434069", 
                  "柬埔寨": "442999", 
                  "捷克": "1100659", 
                  "卡塔尔": "689001", 
                  "科威特": "1126974", 
                  "克罗地亚": "109735", 
                  "拉脱维亚": "116709", 
                  "老挝": "277310", 
                  "黎巴嫩": "230285", 
                  "立陶宛": "134969", 
                  "罗马尼亚": "445719", 
                  "马尔代夫": "17283", 
                  "马来西亚": "9725772", 
                  "北马其顿": "21923", 
                  "蒙古国": "536608", 
                  "孟加拉国": "1471155", 
                  "缅甸": "1510021", 
                  "摩尔多瓦": "12143", 
                  "南非": "4600933", 
                  "尼泊尔": "86471", 
                  "塞尔维亚": "54883", 
                  "沙特阿拉伯": "5163398", 
                  "斯里兰卡": "456256", 
                  "斯洛伐克": "503178", 
                  "斯洛文尼亚": "238124", 
                  "塔吉克斯坦": "184742", 
                  "泰国": "7545955", 
                  "土耳其": "2155148", 
                  "土库曼斯坦": "864313", 
                  "文莱": "150857", 
                  "乌克兰": "707151", 
                  "乌兹别克斯坦": "349583", 
                  "新加坡": "7952320", 
                  "新西兰": "1150284", 
                  "匈牙利": "807300", 
                  "叙利亚": "102616", 
                  "亚美尼亚": "32137", 
                  "也门": "232811", 
                  "伊拉克": "2058386", 
                  "伊朗": "3382755", 
                  "以色列": "1141798", 
                  "印度": "7159658", 
                  "印度尼西亚": "5422816", 
                  "约旦": "371192", 
                  "越南": "9584877"
            }, 
            {
                  "date": "2016年", 
                  "阿尔巴尼亚": "63532", 
                  "阿富汗": "43583", 
                  "阿联酋": "4006689", 
                  "阿曼": "1418911", 
                  "阿塞拜疆": "75808", 
                  "埃及": "1099049", 
                  "埃塞俄比亚": "363411", 
                  "爱沙尼亚": "117597", 
                  "巴基斯坦": "1914706", 
                  "巴勒斯坦": "5962", 
                  "巴林": "85452", 
                  "白俄罗斯": "152536", 
                  "保加利亚": "164664", 
                  "波黑": "10768", 
                  "波兰": "1763774", 
                  "不丹": "498", 
                  "东帝汶": "16461", 
                  "俄罗斯": "6961592", 
                  "菲律宾": "4723856", 
                  "格鲁吉亚": "79900", 
                  "哈萨克斯坦": "1309767", 
                  "韩国": "25270349", 
                  "黑山": "14093", 
                  "吉尔吉斯斯坦": "567669", 
                  "柬埔寨": "476067", 
                  "捷克": "1101329", 
                  "卡塔尔": "552874", 
                  "科威特": "937207", 
                  "克罗地亚": "117868", 
                  "拉脱维亚": "119493", 
                  "老挝": "234671", 
                  "黎巴嫩": "211839", 
                  "立陶宛": "145568", 
                  "罗马尼亚": "490394", 
                  "马尔代夫": "32118", 
                  "马来西亚": "8694141", 
                  "北马其顿": "13684", 
                  "蒙古国": "461124", 
                  "孟加拉国": "1517163", 
                  "缅甸": "1228639", 
                  "摩尔多瓦": "10118", 
                  "南非": "3508242", 
                  "尼泊尔": "88868", 
                  "塞尔维亚": "59494", 
                  "沙特阿拉伯": "4228130", 
                  "斯里兰卡": "456177", 
                  "斯洛伐克": "527251", 
                  "斯洛文尼亚": "270712", 
                  "塔吉克斯坦": "175634", 
                  "泰国": "7572743", 
                  "土耳其": "1947493", 
                  "土库曼斯坦": "590177", 
                  "文莱": "73257", 
                  "乌克兰": "671102", 
                  "乌兹别克斯坦": "361461", 
                  "新加坡": "7052592", 
                  "新西兰": "1190891", 
                  "匈牙利": "888940", 
                  "叙利亚": "91861", 
                  "亚美尼亚": "39181", 
                  "也门": "185844", 
                  "伊拉克": "1821145", 
                  "伊朗": "3124585", 
                  "以色列": "1135396", 
                  "印度": "7017947", 
                  "印度尼西亚": "5354016", 
                  "约旦": "316599", 
                  "越南": "9827573"
            }, 
            {
                  "date": "2017年", 
                  "阿尔巴尼亚": "65026", 
                  "阿富汗": "54463", 
                  "阿联酋": "4103512", 
                  "阿曼": "1569973", 
                  "阿塞拜疆": "96443", 
                  "埃及": "1082758", 
                  "埃塞俄比亚": "302214", 
                  "爱沙尼亚": "126669", 
                  "巴基斯坦": "2008401", 
                  "巴勒斯坦": "6918", 
                  "巴林": "102647", 
                  "白俄罗斯": "144875", 
                  "保加利亚": "213823", 
                  "波黑": "13607", 
                  "波兰": "2122656", 
                  "不丹": "642", 
                  "东帝汶": "13417", 
                  "俄罗斯": "8422089", 
                  "菲律宾": "5130511", 
                  "格鲁吉亚": "98021", 
                  "哈萨克斯坦": "1794313", 
                  "韩国": "28025693", 
                  "黑山": "19886", 
                  "吉尔吉斯斯坦": "542386", 
                  "柬埔寨": "579078", 
                  "捷克": "1248868", 
                  "卡塔尔": "808260", 
                  "科威特": "1204772", 
                  "克罗地亚": "134273", 
                  "拉脱维亚": "132548", 
                  "老挝": "302435", 
                  "黎巴嫩": "203365", 
                  "立陶宛": "185543", 
                  "罗马尼亚": "560228", 
                  "马尔代夫": "29625", 
                  "马来西亚": "9613842", 
                  "北马其顿": "16473", 
                  "蒙古国": "640293", 
                  "孟加拉国": "1604417", 
                  "缅甸": "1347481", 
                  "摩尔多瓦": "13188", 
                  "南非": "3919736", 
                  "尼泊尔": "98481", 
                  "塞尔维亚": "75722", 
                  "沙特阿拉伯": "5013688", 
                  "斯里兰卡": "439803", 
                  "斯洛伐克": "531444", 
                  "斯洛文尼亚": "338228", 
                  "塔吉克斯坦": "134811", 
                  "泰国": "8013781", 
                  "土耳其": "2190494", 
                  "土库曼斯坦": "694324", 
                  "文莱": "98940", 
                  "乌克兰": "738029", 
                  "乌兹别克斯坦": "422087", 
                  "新加坡": "7926892", 
                  "新西兰": "1449120", 
                  "匈牙利": "1012657", 
                  "叙利亚": "110415", 
                  "亚美尼亚": "44653", 
                  "也门": "230300", 
                  "伊拉克": "2214453", 
                  "伊朗": "3713851", 
                  "以色列": "1312470", 
                  "印度": "8438762", 
                  "印度尼西亚": "6333169", 
                  "约旦": "308279", 
                  "越南": "12199187"
            }, 
            {
                  "date": "2018年", 
                  "阿尔巴尼亚": "64794", 
                  "阿富汗": "69167", 
                  "阿联酋": "4588902", 
                  "阿曼": "2176312", 
                  "阿塞拜疆": "89795", 
                  "埃及": "1382973", 
                  "埃塞俄比亚": "287617", 
                  "爱沙尼亚": "127670", 
                  "巴基斯坦": "1910540", 
                  "巴勒斯坦": "7381", 
                  "巴林": "128565", 
                  "白俄罗斯": "171264", 
                  "保加利亚": "258668", 
                  "波黑": "18712", 
                  "波兰": "2452158", 
                  "不丹": "1284", 
                  "东帝汶": "13540", 
                  "俄罗斯": "10710745", 
                  "菲律宾": "5564824", 
                  "格鲁吉亚": "114943", 
                  "哈萨克斯坦": "1987814", 
                  "韩国": "31339955", 
                  "黑山": "21983", 
                  "吉尔吉斯斯坦": "561112", 
                  "柬埔寨": "738418", 
                  "捷克": "1630863", 
                  "卡塔尔": "1162880", 
                  "科威特": "1865651", 
                  "克罗地亚": "153916", 
                  "拉脱维亚": "137914", 
                  "老挝": "347215", 
                  "黎巴嫩": "201827", 
                  "立陶宛": "209299", 
                  "罗马尼亚": "667496", 
                  "马尔代夫": "39721", 
                  "马来西亚": "10858103", 
                  "北马其顿": "15409", 
                  "蒙古国": "798900", 
                  "孟加拉国": "1873748", 
                  "缅甸": "1523211", 
                  "摩尔多瓦": "14708", 
                  "南非": "4353587", 
                  "尼泊尔": "109937", 
                  "塞尔维亚": "95217", 
                  "沙特阿拉伯": "6328242", 
                  "斯里兰卡": "457679", 
                  "斯洛伐克": "778148", 
                  "斯洛文尼亚": "501526", 
                  "塔吉克斯坦": "150593", 
                  "泰国": "8750835", 
                  "土耳其": "2154546", 
                  "土库曼斯坦": "843630", 
                  "文莱": "183946", 
                  "乌克兰": "966353", 
                  "乌兹别克斯坦": "626919", 
                  "新加坡": "8276440", 
                  "新西兰": "1685803", 
                  "匈牙利": "1088229", 
                  "叙利亚": "127364", 
                  "亚美尼亚": "51533", 
                  "也门": "259454", 
                  "伊拉克": "3039860", 
                  "伊朗": "3504201", 
                  "以色列": "1391557", 
                  "印度": "9550900", 
                  "印度尼西亚": "7734118", 
                  "约旦": "318367", 
                  "越南": "14783304"
            }, 
            {
                  "date": "2019年", 
                  "阿尔巴尼亚": "70381", 
                  "阿富汗": "62908", 
                  "阿联酋": "4874963", 
                  "阿曼": "2267110", 
                  "阿塞拜疆": "148562", 
                  "埃及": "1320142", 
                  "埃塞俄比亚": "266745", 
                  "爱沙尼亚": "122105", 
                  "巴基斯坦": "1797305", 
                  "巴勒斯坦": "8228", 
                  "巴林": "167948", 
                  "白俄罗斯": "271393", 
                  "保加利亚": "271892", 
                  "波黑": "19204", 
                  "波兰": "2782160", 
                  "不丹": "1096", 
                  "东帝汶": "16751", 
                  "俄罗斯": "11094019", 
                  "菲律宾": "6096325", 
                  "格鲁吉亚": "148279", 
                  "哈萨克斯坦": "2200277", 
                  "韩国": "28453344", 
                  "黑山": "15713", 
                  "吉尔吉斯斯坦": "634656", 
                  "柬埔寨": "942585", 
                  "捷克": "1760125", 
                  "卡塔尔": "1112279", 
                  "科威特": "1728379", 
                  "克罗地亚": "154180", 
                  "拉脱维亚": "128928", 
                  "老挝": "391945", 
                  "黎巴嫩": "170561", 
                  "立陶宛": "213415", 
                  "罗马尼亚": "689909", 
                  "马尔代夫": "38170", 
                  "马来西亚": "12405176", 
                  "北马其顿": "28189", 
                  "蒙古国": "816095", 
                  "孟加拉国": "1835982", 
                  "缅甸": "1869905", 
                  "摩尔多瓦": "17612", 
                  "南非": "4249180", 
                  "尼泊尔": "151602", 
                  "塞尔维亚": "139358", 
                  "沙特阿拉伯": "7807244", 
                  "斯里兰卡": "448761", 
                  "斯洛伐克": "889260", 
                  "斯洛文尼亚": "392799", 
                  "塔吉克斯坦": "167469", 
                  "泰国": "9174649", 
                  "土耳其": "2082052", 
                  "土库曼斯坦": "911688", 
                  "文莱": "110274", 
                  "乌克兰": "1190858", 
                  "乌兹别克斯坦": "721287", 
                  "新加坡": "9003631", 
                  "新西兰": "1829429", 
                  "匈牙利": "1021788", 
                  "叙利亚": "131522", 
                  "亚美尼亚": "75440", 
                  "也门": "368565", 
                  "伊拉克": "3338866", 
                  "伊朗": "2303562", 
                  "以色列": "1476915", 
                  "印度": "9281118", 
                  "印度尼西亚": "7976261", 
                  "约旦": "411198", 
                  "越南": "16198556"
            }, 
            {
                  "date": "2020年", 
                  "阿尔巴尼亚": "", 
                  "阿富汗": "", 
                  "阿联酋": "", 
                  "阿曼": "", 
                  "阿塞拜疆": "", 
                  "埃及": "", 
                  "埃塞俄比亚": "", 
                  "爱沙尼亚": "", 
                  "巴基斯坦": "", 
                  "巴勒斯坦": "", 
                  "巴林": "", 
                  "白俄罗斯": "", 
                  "保加利亚": "", 
                  "波黑": "", 
                  "波兰": "", 
                  "不丹": "", 
                  "东帝汶": "", 
                  "俄罗斯": "10776516", 
                  "菲律宾": "", 
                  "格鲁吉亚": "", 
                  "哈萨克斯坦": "", 
                  "韩国": "28526441", 
                  "黑山": "", 
                  "吉尔吉斯斯坦": "", 
                  "柬埔寨": "", 
                  "捷克": "", 
                  "卡塔尔": "", 
                  "科威特": "", 
                  "克罗地亚": "", 
                  "拉脱维亚": "", 
                  "老挝": "", 
                  "黎巴嫩": "", 
                  "立陶宛": "", 
                  "罗马尼亚": "", 
                  "马尔代夫": "", 
                  "马来西亚": "", 
                  "北马其顿": "", 
                  "蒙古国": "", 
                  "孟加拉国": "", 
                  "缅甸": "", 
                  "摩尔多瓦": "", 
                  "南非": "3583616", 
                  "尼泊尔": "", 
                  "塞尔维亚": "", 
                  "沙特阿拉伯": "", 
                  "斯里兰卡": "", 
                  "斯洛伐克": "", 
                  "斯洛文尼亚": "", 
                  "塔吉克斯坦": "", 
                  "泰国": "", 
                  "土耳其": "", 
                  "土库曼斯坦": "", 
                  "文莱": "", 
                  "乌克兰": "", 
                  "乌兹别克斯坦": "", 
                  "新加坡": "", 
                  "新西兰": "", 
                  "匈牙利": "", 
                  "叙利亚": "", 
                  "亚美尼亚": "", 
                  "也门": "", 
                  "伊拉克": "", 
                  "伊朗": "", 
                  "以色列": "", 
                  "印度": "8758484", 
                  "印度尼西亚": "", 
                  "约旦": "", 
                  "越南": ""
            }
      ], 
      "inside": [
            {
                  "date": "2013年", 
                  "阿尔巴尼亚": "23484", 
                  "阿富汗": "960", 
                  "阿联酋": "1282353", 
                  "阿曼": "2104061", 
                  "阿塞拜疆": "23358", 
                  "埃及": "185161", 
                  "埃塞俄比亚": "31569", 
                  "爱沙尼亚": "19958", 
                  "巴基斯坦": "319684", 
                  "巴勒斯坦": "19", 
                  "巴林": "30518", 
                  "白俄罗斯": "58051", 
                  "保加利亚": "95674", 
                  "波黑": "2088", 
                  "波兰": "223180", 
                  "不丹": "1", 
                  "东帝汶": "40", 
                  "俄罗斯": "3966783", 
                  "菲律宾": "1818181", 
                  "格鲁吉亚": "5446", 
                  "哈萨克斯坦": "1605084", 
                  "韩国": "18307276", 
                  "黑山": "1614", 
                  "吉尔吉斯斯坦": "6235", 
                  "柬埔寨": "36364", 
                  "捷克": "261492", 
                  "卡塔尔": "846335", 
                  "科威特": "958664", 
                  "克罗地亚": "10427", 
                  "拉脱维亚": "9916", 
                  "老挝": "101008", 
                  "黎巴嫩": "4558", 
                  "立陶宛": "12479", 
                  "罗马尼亚": "120750", 
                  "马尔代夫": "42", 
                  "马来西亚": "6015279", 
                  "北马其顿": "10797", 
                  "蒙古国": "350955", 
                  "孟加拉国": "60237", 
                  "缅甸": "285687", 
                  "摩尔多瓦": "1859", 
                  "南非": "4838843", 
                  "尼泊尔": "4325", 
                  "塞尔维亚": "18013", 
                  "沙特阿拉伯": "5345071", 
                  "斯里兰卡": "18256", 
                  "斯洛伐克": "345816", 
                  "斯洛文尼亚": "30280", 
                  "塔吉克斯坦": "8875", 
                  "泰国": "3852265", 
                  "土耳其": "448623", 
                  "土库曼斯坦": "889326", 
                  "文莱": "8980", 
                  "乌克兰": "327287", 
                  "乌兹别克斯坦": "193809", 
                  "新加坡": "3006452", 
                  "新西兰": "825321", 
                  "匈牙利": "271515", 
                  "叙利亚": "471", 
                  "亚美尼亚": "7314", 
                  "也门": "306130", 
                  "伊拉克": "1798476", 
                  "伊朗": "2538986", 
                  "以色列": "318132", 
                  "印度": "1697025", 
                  "印度尼西亚": "3142426", 
                  "约旦": "16988", 
                  "越南": "1689189"
            }, 
            {
                  "date": "2014年", 
                  "阿尔巴尼亚": "18932", 
                  "阿富汗": "1737", 
                  "阿联酋": "1576336", 
                  "阿曼": "2379586", 
                  "阿塞拜疆": "29706", 
                  "埃及": "115952", 
                  "埃塞俄比亚": "48995", 
                  "爱沙尼亚": "22550", 
                  "巴基斯坦": "275387", 
                  "巴勒斯坦": "9", 
                  "巴林": "18396", 
                  "白俄罗斯": "73828", 
                  "保加利亚": "98486", 
                  "波黑": "3724", 
                  "波兰": "293474", 
                  "不丹": "10", 
                  "东帝汶": "10", 
                  "俄罗斯": "4159351", 
                  "菲律宾": "2098413", 
                  "格鲁吉亚": "5311", 
                  "哈萨克斯坦": "974182", 
                  "韩国": "19010877", 
                  "黑山": "5356", 
                  "吉尔吉斯斯坦": "5542", 
                  "柬埔寨": "48291", 
                  "捷克": "298669", 
                  "卡塔尔": "833673", 
                  "科威特": "1000496", 
                  "克罗地亚": "10066", 
                  "拉脱维亚": "14691", 
                  "老挝": "177788", 
                  "黎巴嫩": "2539", 
                  "立陶宛": "15749", 
                  "罗马尼亚": "152067", 
                  "马尔代夫": "38", 
                  "马来西亚": "5565224", 
                  "北马其顿": "9058", 
                  "蒙古国": "510209", 
                  "孟加拉国": "76111", 
                  "缅甸": "1560128", 
                  "摩尔多瓦": "2479", 
                  "南非": "4456813", 
                  "尼泊尔": "4707", 
                  "塞尔维亚": "11274", 
                  "沙特阿拉伯": "4850803", 
                  "斯里兰卡": "24827", 
                  "斯洛伐克": "337608", 
                  "斯洛文尼亚": "33146", 
                  "塔吉克斯坦": "4770", 
                  "泰国": "3833193", 
                  "土耳其": "370540", 
                  "土库曼斯坦": "951616", 
                  "文莱": "18972", 
                  "乌克兰": "348354", 
                  "乌兹别克斯坦": "159791", 
                  "新加坡": "3082873", 
                  "新西兰": "950553", 
                  "匈牙利": "325990", 
                  "叙利亚": "213", 
                  "亚美尼亚": "16717", 
                  "也门": "293285", 
                  "伊拉克": "2076124", 
                  "伊朗": "2750385", 
                  "以色列": "314064", 
                  "印度": "1635869", 
                  "印度尼西亚": "2448525", 
                  "约旦": "26320", 
                  "越南": "1990640"
            }, 
            {
                  "date": "2015年", 
                  "阿尔巴尼亚": "12786", 
                  "阿富汗": "1177", 
                  "阿联酋": "1151403", 
                  "阿曼": "1504742", 
                  "阿塞拜疆": "22290", 
                  "埃及": "91784", 
                  "埃塞俄比亚": "38035", 
                  "爱沙尼亚": "23496", 
                  "巴基斯坦": "247476", 
                  "巴勒斯坦": "44", 
                  "巴林": "11154", 
                  "白俄罗斯": "101082", 
                  "保加利亚": "74831", 
                  "波黑": "5373", 
                  "波兰": "274195", 
                  "不丹": "35", 
                  "东帝汶": "73", 
                  "俄罗斯": "3325866", 
                  "菲律宾": "1896565", 
                  "格鲁吉亚": "4379", 
                  "哈萨克斯坦": "584895", 
                  "韩国": "17450608", 
                  "黑山": "2427", 
                  "吉尔吉斯斯坦": "5857", 
                  "柬埔寨": "66660", 
                  "捷克": "278045", 
                  "卡塔尔": "461437", 
                  "科威特": "749707", 
                  "克罗地亚": "11179", 
                  "拉脱维亚": "14459", 
                  "老挝": "154734", 
                  "黎巴嫩": "1732", 
                  "立陶宛": "13879", 
                  "罗马尼亚": "129495", 
                  "马尔代夫": "18", 
                  "马来西亚": "5327733", 
                  "北马其顿": "13270", 
                  "蒙古国": "379538", 
                  "孟加拉国": "81685", 
                  "缅甸": "544930", 
                  "摩尔多瓦": "2147", 
                  "南非": "3015141", 
                  "尼泊尔": "3200", 
                  "塞尔维亚": "13374", 
                  "沙特阿拉伯": "3002105", 
                  "斯里兰卡": "25852", 
                  "斯洛伐克": "223732", 
                  "斯洛文尼亚": "28951", 
                  "塔吉克斯坦": "5204", 
                  "泰国": "3716875", 
                  "土耳其": "294364", 
                  "土库曼斯坦": "782766", 
                  "文莱": "10116", 
                  "乌克兰": "355580", 
                  "乌兹别克斯坦": "126706", 
                  "新加坡": "2758076", 
                  "新西兰": "658378", 
                  "匈牙利": "287555", 
                  "叙利亚": "359", 
                  "亚美尼亚": "20897", 
                  "也门": "89814", 
                  "伊拉克": "1267463", 
                  "伊朗": "1605745", 
                  "以色列": "280203", 
                  "印度": "1336855", 
                  "印度尼西亚": "1988619", 
                  "约旦": "28752", 
                  "越南": "2983175"
            }, 
            {
                  "date": "2016年", 
                  "阿尔巴尼亚": "12860", 
                  "阿富汗": "453", 
                  "阿联酋": "999436", 
                  "阿曼": "1204102", 
                  "阿塞拜疆": "41208", 
                  "埃及": "55321", 
                  "埃塞俄比亚": "41942", 
                  "爱沙尼亚": "21179", 
                  "巴基斯坦": "191259", 
                  "巴勒斯坦": "31", 
                  "巴林": "6372", 
                  "白俄罗斯": "43519", 
                  "保加利亚": "59011", 
                  "波黑": "4355", 
                  "波兰": "253772", 
                  "不丹": "13", 
                  "东帝汶": "29", 
                  "俄罗斯": "3226015", 
                  "菲律宾": "1739589", 
                  "格鲁吉亚": "5356", 
                  "哈萨克斯坦": "480508", 
                  "韩国": "15897453", 
                  "黑山": "3258", 
                  "吉尔吉斯斯坦": "7124", 
                  "柬埔寨": "83051", 
                  "捷克": "295154", 
                  "卡塔尔": "401237", 
                  "科威特": "637028", 
                  "克罗地亚": "16144", 
                  "拉脱维亚": "13221", 
                  "老挝": "135961", 
                  "黎巴嫩": "1767", 
                  "立陶宛": "16401", 
                  "罗马尼亚": "145522", 
                  "马尔代夫": "24", 
                  "马来西亚": "4926964", 
                  "北马其顿": "4671", 
                  "蒙古国": "362260", 
                  "孟加拉国": "86940", 
                  "缅甸": "409771", 
                  "摩尔多瓦": "2437", 
                  "南非": "2222889", 
                  "尼泊尔": "2241", 
                  "塞尔维亚": "16270", 
                  "沙特阿拉伯": "2362602", 
                  "斯里兰卡": "27344", 
                  "斯洛伐克": "241017", 
                  "斯洛文尼亚": "43686", 
                  "塔吉克斯坦": "3125", 
                  "泰国": "3853234", 
                  "土耳其": "278542", 
                  "土库曼斯坦": "556330", 
                  "文莱": "22155", 
                  "乌克兰": "249080", 
                  "乌兹别克斯坦": "160706", 
                  "新加坡": "2601425", 
                  "新西兰": "714063", 
                  "匈牙利": "346423", 
                  "叙利亚": "326", 
                  "亚美尼亚": "28062", 
                  "也门": "16603", 
                  "伊拉克": "1066327", 
                  "伊朗": "1482719", 
                  "以色列": "317290", 
                  "印度": "1176413", 
                  "印度尼西亚": "2141404", 
                  "约旦": "21116", 
                  "越南": "3717160"
            }, 
            {
                  "date": "2017年", 
                  "阿尔巴尼亚": "19622", 
                  "阿富汗": "343", 
                  "阿联酋": "1231116", 
                  "阿曼": "1338328", 
                  "阿塞拜疆": "57745", 
                  "埃及": "134193", 
                  "埃塞俄比亚": "35758", 
                  "爱沙尼亚": "26034", 
                  "巴基斯坦": "183322", 
                  "巴勒斯坦": "12", 
                  "巴林": "12395", 
                  "白俄罗斯": "51538", 
                  "保加利亚": "96918", 
                  "波黑": "5725", 
                  "波兰": "335351", 
                  "不丹": "18", 
                  "东帝汶": "157", 
                  "俄罗斯": "4139029", 
                  "菲律宾": "1923918", 
                  "格鲁吉亚": "6759", 
                  "哈萨克斯坦": "637869", 
                  "韩国": "17755315", 
                  "黑山": "6640", 
                  "吉尔吉斯斯坦": "8706", 
                  "柬埔寨": "100758", 
                  "捷克": "369571", 
                  "卡塔尔": "640027", 
                  "科威特": "893495", 
                  "克罗地亚": "18308", 
                  "拉脱维亚": "17724", 
                  "老挝": "160500", 
                  "黎巴嫩": "2304", 
                  "立陶宛": "25515", 
                  "罗马尼亚": "182432", 
                  "马尔代夫": "62", 
                  "马来西亚": "5442614", 
                  "北马其顿": "8669", 
                  "蒙古国": "516731", 
                  "孟加拉国": "87515", 
                  "缅甸": "452635", 
                  "摩尔多瓦": "3396", 
                  "南非": "2438860", 
                  "尼泊尔": "1785", 
                  "塞尔维亚": "21159", 
                  "沙特阿拉伯": "3176187", 
                  "斯里兰卡": "31003", 
                  "斯洛伐克": "258496", 
                  "斯洛文尼亚": "49535", 
                  "塔吉克斯坦": "4674", 
                  "泰国": "4159608", 
                  "土耳其": "378343", 
                  "土库曼斯坦": "657513", 
                  "文莱": "35181", 
                  "乌克兰": "233964", 
                  "乌兹别克斯坦": "147145", 
                  "新加坡": "3424962", 
                  "新西兰": "939110", 
                  "匈牙利": "407722", 
                  "叙利亚": "133", 
                  "亚美尼亚": "30268", 
                  "也门": "65996", 
                  "伊拉克": "1381411", 
                  "伊朗": "1855369", 
                  "以色列": "420624", 
                  "印度": "1634537", 
                  "印度尼西亚": "2857431", 
                  "约旦": "27919", 
                  "越南": "5037462"
            }, 
            {
                  "date": "2018年", 
                  "阿尔巴尼亚": "10804", 
                  "阿富汗": "2408", 
                  "阿联酋": "1623777", 
                  "阿曼": "1889851", 
                  "阿塞拜疆": "38202", 
                  "埃及": "184252", 
                  "埃塞俄比亚": "34530", 
                  "爱沙尼亚": "24519", 
                  "巴基斯坦": "217209", 
                  "巴勒斯坦": "44", 
                  "巴林": "15013", 
                  "白俄罗斯": "57105", 
                  "保加利亚": "114643", 
                  "波黑": "7740", 
                  "波兰": "364537", 
                  "不丹": "1", 
                  "东帝汶": "301", 
                  "俄罗斯": "5914218", 
                  "菲律宾": "2061160", 
                  "格鲁吉亚": "5389", 
                  "哈萨克斯坦": "852661", 
                  "韩国": "20464340", 
                  "黑山": "4174", 
                  "吉尔吉斯斯坦": "5433", 
                  "柬埔寨": "137666", 
                  "捷克": "439905", 
                  "卡塔尔": "914639", 
                  "科威特": "1534387", 
                  "克罗地亚": "21200", 
                  "拉脱维亚": "21305", 
                  "老挝": "201815", 
                  "黎巴嫩": "4898", 
                  "立陶宛": "33004", 
                  "罗马尼亚": "216785", 
                  "马尔代夫": "103", 
                  "马来西亚": "6320505", 
                  "北马其顿": "4834", 
                  "蒙古国": "634411", 
                  "孟加拉国": "98442", 
                  "缅甸": "468434", 
                  "摩尔多瓦": "3839", 
                  "南非": "2728749", 
                  "尼泊尔": "2200", 
                  "塞尔维亚": "22387", 
                  "沙特阿拉伯": "4585438", 
                  "斯里兰卡": "32175", 
                  "斯洛伐克": "524563", 
                  "斯洛文尼亚": "59102", 
                  "塔吉克斯坦": "7684", 
                  "泰国": "4462964", 
                  "土耳其": "375686", 
                  "土库曼斯坦": "811937", 
                  "文莱": "24751", 
                  "乌克兰": "264503", 
                  "乌兹别克斯坦": "232446", 
                  "新加坡": "3372777", 
                  "新西兰": "1108333", 
                  "匈牙利": "434207", 
                  "叙利亚": "87", 
                  "亚美尼亚": "30214", 
                  "也门": "71993", 
                  "伊拉克": "2249527", 
                  "伊朗": "2110228", 
                  "以色列": "464116", 
                  "印度": "1883335", 
                  "印度尼西亚": "3414978", 
                  "约旦": "21418", 
                  "越南": "6395635"
            }, 
            {
                  "date": "2019年", 
                  "阿尔巴尼亚": "10272", 
                  "阿富汗": "2928", 
                  "阿联酋": "1533674", 
                  "阿曼": "1965016", 
                  "阿塞拜疆": "86923", 
                  "埃及": "100072", 
                  "埃塞俄比亚": "34395", 
                  "爱沙尼亚": "29872", 
                  "巴基斯坦": "180613", 
                  "巴勒斯坦": "14", 
                  "巴林": "19533", 
                  "白俄罗斯": "91486", 
                  "保加利亚": "116414", 
                  "波黑": "7688", 
                  "波兰": "394149", 
                  "不丹": "5", 
                  "东帝汶": "2456", 
                  "俄罗斯": "6119171", 
                  "菲律宾": "2019939", 
                  "格鲁吉亚": "8105", 
                  "哈萨克斯坦": "927367", 
                  "韩国": "17355903", 
                  "黑山": "4331", 
                  "吉尔吉斯斯坦": "6604", 
                  "柬埔寨": "144432", 
                  "捷克": "462821", 
                  "卡塔尔": "871311", 
                  "科威特": "1344747", 
                  "克罗地亚": "14498", 
                  "拉脱维亚": "19569", 
                  "老挝": "215700", 
                  "黎巴嫩": "2601", 
                  "立陶宛": "43650", 
                  "罗马尼亚": "232565", 
                  "马尔代夫": "3372", 
                  "马来西亚": "16030", 
                  "北马其顿": "14706", 
                  "蒙古国": "633436", 
                  "孟加拉国": "103653", 
                  "缅甸": "638806", 
                  "摩尔多瓦": "4681", 
                  "南非": "2594886", 
                  "尼泊尔": "3354", 
                  "塞尔维亚": "36061", 
                  "沙特阿拉伯": "5419594", 
                  "斯里兰卡": "39701", 
                  "斯洛伐克": "596878", 
                  "斯洛文尼亚": "51647", 
                  "塔吉克斯坦": "8462", 
                  "泰国": "4616165", 
                  "土耳其": "349682", 
                  "土库曼斯坦": "868602", 
                  "文莱": "45288", 
                  "乌克兰": "450901", 
                  "乌兹别克斯坦": "218078", 
                  "新加坡": "3523782", 
                  "新西兰": "1255798", 
                  "匈牙利": "374502", 
                  "叙利亚": "141", 
                  "亚美尼亚": "53130", 
                  "也门": "86663", 
                  "伊拉克": "2392734", 
                  "伊朗": "1344563", 
                  "以色列": "515419", 
                  "印度": "1798588", 
                  "印度尼西亚": "3411387", 
                  "约旦": "43406", 
                  "越南": "6411667"
            }, 
            {
                  "date": "2020年", 
                  "阿尔巴尼亚": "", 
                  "阿富汗": "", 
                  "阿联酋": "", 
                  "阿曼": "", 
                  "阿塞拜疆": "", 
                  "埃及": "", 
                  "埃塞俄比亚": "", 
                  "爱沙尼亚": "", 
                  "巴基斯坦": "", 
                  "巴勒斯坦": "", 
                  "巴林": "", 
                  "白俄罗斯": "", 
                  "保加利亚": "", 
                  "波黑": "", 
                  "波兰": "", 
                  "不丹": "", 
                  "东帝汶": "", 
                  "俄罗斯": "", 
                  "菲律宾": "", 
                  "格鲁吉亚": "", 
                  "哈萨克斯坦": "", 
                  "韩国": "", 
                  "黑山": "", 
                  "吉尔吉斯斯坦": "", 
                  "柬埔寨": "", 
                  "捷克": "", 
                  "卡塔尔": "", 
                  "科威特": "", 
                  "克罗地亚": "", 
                  "拉脱维亚": "", 
                  "老挝": "", 
                  "黎巴嫩": "", 
                  "立陶宛": "", 
                  "罗马尼亚": "", 
                  "马尔代夫": "", 
                  "马来西亚": "", 
                  "北马其顿": "", 
                  "蒙古国": "", 
                  "孟加拉国": "", 
                  "缅甸": "", 
                  "摩尔多瓦": "", 
                  "南非": "", 
                  "尼泊尔": "", 
                  "塞尔维亚": "", 
                  "沙特阿拉伯": "", 
                  "斯里兰卡": "", 
                  "斯洛伐克": "", 
                  "斯洛文尼亚": "", 
                  "塔吉克斯坦": "", 
                  "泰国": "", 
                  "土耳其": "", 
                  "土库曼斯坦": "", 
                  "文莱": "", 
                  "乌克兰": "", 
                  "乌兹别克斯坦": "", 
                  "新加坡": "", 
                  "新西兰": "", 
                  "匈牙利": "", 
                  "叙利亚": "", 
                  "亚美尼亚": "", 
                  "也门": "", 
                  "伊拉克": "", 
                  "伊朗": "", 
                  "以色列": "", 
                  "印度": "", 
                  "印度尼西亚": "", 
                  "约旦": "", 
                  "越南": ""
            }
      ], 
      "outside": [
            {
                  "date": "2013年", 
                  "阿尔巴尼亚": "32460", 
                  "阿富汗": "32826", 
                  "阿联酋": "3341130", 
                  "阿曼": "190084", 
                  "阿塞拜疆": "86857", 
                  "埃及": "836268", 
                  "埃塞俄比亚": "186847", 
                  "爱沙尼亚": "110982", 
                  "巴基斯坦": "1101960", 
                  "巴勒斯坦": "9068", 
                  "巴林": "123893", 
                  "白俄罗斯": "87216", 
                  "保加利亚": "111698", 
                  "波黑": "9133", 
                  "波兰": "1257488", 
                  "不丹": "1741", 
                  "东帝汶": "4739", 
                  "俄罗斯": "4959117", 
                  "菲律宾": "1986813", 
                  "格鲁吉亚": "86209", 
                  "哈萨克斯坦": "1254512", 
                  "韩国": "9116495", 
                  "黑山": "8638", 
                  "吉尔吉斯斯坦": "507535", 
                  "柬埔寨": "340951", 
                  "捷克": "683780", 
                  "卡塔尔": "171091", 
                  "科威特": "267551", 
                  "克罗地亚": "138994", 
                  "拉脱维亚": "137427", 
                  "老挝": "172258", 
                  "黎巴嫩": "249083", 
                  "立陶宛": "168618", 
                  "罗马尼亚": "282254", 
                  "马尔代夫": "9741", 
                  "马来西亚": "4593059", 
                  "北马其顿": "6348", 
                  "蒙古国": "244959", 
                  "孟加拉国": "970509", 
                  "缅甸": "733869", 
                  "摩尔多瓦": "11263", 
                  "南非": "1683078", 
                  "尼泊尔": "221089", 
                  "塞尔维亚": "43191", 
                  "沙特阿拉伯": "1873981", 
                  "斯里兰卡": "343655", 
                  "斯洛伐克": "308444", 
                  "斯洛文尼亚": "183281", 
                  "塔吉克斯坦": "186936", 
                  "泰国": "3271790", 
                  "土耳其": "1774699", 
                  "土库曼斯坦": "113764", 
                  "文莱": "170378", 
                  "乌克兰": "784923", 
                  "乌兹别克斯坦": "261336", 
                  "新加坡": "4583187", 
                  "新西兰": "413168", 
                  "匈牙利": "569228", 
                  "叙利亚": "69015", 
                  "亚美尼亚": "11985", 
                  "也门": "213882", 
                  "伊拉克": "689409", 
                  "伊朗": "1403665", 
                  "以色列": "764530", 
                  "印度": "4843241", 
                  "印度尼西亚": "3693049", 
                  "约旦": "343456", 
                  "越南": "4858630"
            }, 
            {
                  "date": "2014年", 
                  "阿尔巴尼亚": "37827", 
                  "阿富汗": "39356", 
                  "阿联酋": "3903451", 
                  "阿曼": "206538", 
                  "阿塞拜疆": "64525", 
                  "埃及": "1046051", 
                  "埃塞俄比亚": "292231", 
                  "爱沙尼亚": "114610", 
                  "巴基斯坦": "1324448", 
                  "巴勒斯坦": "7551", 
                  "巴林": "123178", 
                  "白俄罗斯": "111059", 
                  "保加利亚": "117806", 
                  "波黑": "28398", 
                  "波兰": "1425680", 
                  "不丹": "1112", 
                  "东帝汶": "6034", 
                  "俄罗斯": "5367694", 
                  "菲律宾": "2347358", 
                  "格鲁吉亚": "90868", 
                  "哈萨克斯坦": "1270985", 
                  "韩国": "10033345", 
                  "黑山": "15707", 
                  "吉尔吉斯斯坦": "524252", 
                  "柬埔寨": "327474", 
                  "捷克": "799290", 
                  "卡塔尔": "225401", 
                  "科威特": "342872", 
                  "克罗地亚": "102733", 
                  "拉脱维亚": "131670", 
                  "老挝": "183948", 
                  "黎巴嫩": "260486", 
                  "立陶宛": "165829", 
                  "罗马尼亚": "322318", 
                  "马尔代夫": "10399", 
                  "马来西亚": "4635339", 
                  "北马其顿": "7666", 
                  "蒙古国": "221638", 
                  "孟加拉国": "1178227", 
                  "缅甸": "936765", 
                  "摩尔多瓦": "11520", 
                  "南非": "1569915", 
                  "尼泊尔": "228358", 
                  "塞尔维亚": "42456", 
                  "沙特阿拉伯": "2057524", 
                  "斯里兰卡": "379280", 
                  "斯洛伐克": "282850", 
                  "斯洛文尼亚": "199194", 
                  "塔吉克斯坦": "246824", 
                  "泰国": "3428923", 
                  "土耳其": "1930546", 
                  "土库曼斯坦": "95428", 
                  "文莱": "174681", 
                  "乌克兰": "510623", 
                  "乌兹别克斯坦": "267821", 
                  "新加坡": "4891117", 
                  "新西兰": "473794", 
                  "匈牙利": "576417", 
                  "叙利亚": "98437", 
                  "亚美尼亚": "12281", 
                  "也门": "220131", 
                  "伊拉克": "774384", 
                  "伊朗": "2433849", 
                  "以色列": "773911", 
                  "印度": "5421742", 
                  "印度尼西亚": "3905961", 
                  "约旦": "336453", 
                  "越南": "6373001"
            }, 
            {
                  "date": "2015年", 
                  "阿尔巴尼亚": "43019", 
                  "阿富汗": "36182", 
                  "阿联酋": "3702016", 
                  "阿曼": "211639", 
                  "阿塞拜疆": "43915", 
                  "埃及": "1195858", 
                  "埃塞俄比亚": "344087", 
                  "爱沙尼亚": "95329", 
                  "巴基斯坦": "1644189", 
                  "巴勒斯坦": "6925", 
                  "巴林": "101185", 
                  "白俄罗斯": "74890", 
                  "保加利亚": "104326", 
                  "波黑": "5998", 
                  "波兰": "1434487", 
                  "不丹": "812", 
                  "东帝汶": "10453", 
                  "俄罗斯": "3475688", 
                  "菲律宾": "2667079", 
                  "格鲁吉亚": "76868", 
                  "哈萨克斯坦": "844124", 
                  "韩国": "10128638", 
                  "黑山": "13415", 
                  "吉尔吉斯斯坦": "428212", 
                  "柬埔寨": "376339", 
                  "捷克": "822613", 
                  "卡塔尔": "227564", 
                  "科威特": "377267", 
                  "克罗地亚": "98556", 
                  "拉脱维亚": "102251", 
                  "老挝": "122576", 
                  "黎巴嫩": "228553", 
                  "立陶宛": "121090", 
                  "罗马尼亚": "316224", 
                  "马尔代夫": "17265", 
                  "马来西亚": "4398039", 
                  "北马其顿": "8653", 
                  "蒙古国": "157070", 
                  "孟加拉国": "1389471", 
                  "缅甸": "965091", 
                  "摩尔多瓦": "9996", 
                  "南非": "1585792", 
                  "尼泊尔": "83271", 
                  "塞尔维亚": "41510", 
                  "沙特阿拉伯": "2161293", 
                  "斯里兰卡": "430405", 
                  "斯洛伐克": "279447", 
                  "斯洛文尼亚": "209174", 
                  "塔吉克斯坦": "179539", 
                  "泰国": "3829080", 
                  "土耳其": "1860784", 
                  "土库曼斯坦": "81547", 
                  "文莱": "140741", 
                  "乌克兰": "351571", 
                  "乌兹别克斯坦": "222876", 
                  "新加坡": "5194244", 
                  "新西兰": "491906", 
                  "匈牙利": "519745", 
                  "叙利亚": "102257", 
                  "亚美尼亚": "11240", 
                  "也门": "142997", 
                  "伊拉克": "790923", 
                  "伊朗": "1777011", 
                  "以色列": "861595", 
                  "印度": "5822803", 
                  "印度尼西亚": "3434197", 
                  "约旦": "342440", 
                  "越南": "6601702"
            }, 
            {
                  "date": "2016年", 
                  "阿尔巴尼亚": "50672", 
                  "阿富汗": "43129", 
                  "阿联酋": "3007253", 
                  "阿曼": "214809", 
                  "阿塞拜疆": "34600", 
                  "埃及": "1043728", 
                  "埃塞俄比亚": "321469", 
                  "爱沙尼亚": "96417", 
                  "巴基斯坦": "1723446", 
                  "巴勒斯坦": "5931", 
                  "巴林": "79080", 
                  "白俄罗斯": "109017", 
                  "保加利亚": "105654", 
                  "波黑": "6413", 
                  "波兰": "1510002", 
                  "不丹": "485", 
                  "东帝汶": "16432", 
                  "俄罗斯": "3735577", 
                  "菲律宾": "2984267", 
                  "格鲁吉亚": "74544", 
                  "哈萨克斯坦": "829259", 
                  "韩国": "9372895", 
                  "黑山": "10835", 
                  "吉尔吉斯斯坦": "560546", 
                  "柬埔寨": "393016", 
                  "捷克": "806175", 
                  "卡塔尔": "151637", 
                  "科威特": "300179", 
                  "克罗地亚": "101724", 
                  "拉脱维亚": "106272", 
                  "老挝": "98710", 
                  "黎巴嫩": "210071", 
                  "立陶宛": "129167", 
                  "罗马尼亚": "344872", 
                  "马尔代夫": "32094", 
                  "马来西亚": "3767178", 
                  "北马其顿": "9014", 
                  "蒙古国": "98864", 
                  "孟加拉国": "1430223", 
                  "缅甸": "818868", 
                  "摩尔多瓦": "7681", 
                  "南非": "1285352", 
                  "尼泊尔": "86627", 
                  "塞尔维亚": "43224", 
                  "沙特阿拉伯": "1865528", 
                  "斯里兰卡": "428833", 
                  "斯洛伐克": "286234", 
                  "斯洛文尼亚": "227026", 
                  "塔吉克斯坦": "172510", 
                  "泰国": "3719508", 
                  "土耳其": "1668951", 
                  "土库曼斯坦": "33848", 
                  "文莱": "51103", 
                  "乌克兰": "422023", 
                  "乌兹别克斯坦": "200755", 
                  "新加坡": "4451167", 
                  "新西兰": "476828", 
                  "匈牙利": "542517", 
                  "叙利亚": "91535", 
                  "亚美尼亚": "11119", 
                  "也门": "169241", 
                  "伊拉克": "754818", 
                  "伊朗": "1641866", 
                  "以色列": "818106", 
                  "印度": "5841534", 
                  "印度尼西亚": "3212613", 
                  "约旦": "295483", 
                  "越南": "6110413"
            }, 
            {
                  "date": "2017年", 
                  "阿尔巴尼亚": "45403", 
                  "阿富汗": "54121", 
                  "阿联酋": "2872397", 
                  "阿曼": "231645", 
                  "阿塞拜疆": "38697", 
                  "埃及": "948564", 
                  "埃塞俄比亚": "266456", 
                  "爱沙尼亚": "100635", 
                  "巴基斯坦": "1825079", 
                  "巴勒斯坦": "6906", 
                  "巴林": "90252", 
                  "白俄罗斯": "93336", 
                  "保加利亚": "116905", 
                  "波黑": "7882", 
                  "波兰": "1787305", 
                  "不丹": "624", 
                  "东帝汶": "13260", 
                  "俄罗斯": "4283060", 
                  "菲律宾": "3206593", 
                  "格鲁吉亚": "91262", 
                  "哈萨克斯坦": "1156444", 
                  "韩国": "10270378", 
                  "黑山": "13246", 
                  "吉尔吉斯斯坦": "533681", 
                  "柬埔寨": "478320", 
                  "捷克": "879297", 
                  "卡塔尔": "168233", 
                  "科威特": "311277", 
                  "克罗地亚": "115964", 
                  "拉脱维亚": "114824", 
                  "老挝": "141935", 
                  "黎巴嫩": "201061", 
                  "立陶宛": "160027", 
                  "罗马尼亚": "377796", 
                  "马尔代夫": "29563", 
                  "马来西亚": "4171228", 
                  "北马其顿": "7804", 
                  "蒙古国": "123561", 
                  "孟加拉国": "1516902", 
                  "缅甸": "894846", 
                  "摩尔多瓦": "9792", 
                  "南非": "1480877", 
                  "尼泊尔": "96696", 
                  "塞尔维亚": "54564", 
                  "沙特阿拉伯": "1837501", 
                  "斯里兰卡": "408800", 
                  "斯洛伐克": "272948", 
                  "斯洛文尼亚": "288693", 
                  "塔吉克斯坦": "130138", 
                  "泰国": "3854173", 
                  "土耳其": "1812151", 
                  "土库曼斯坦": "36812", 
                  "文莱": "63759", 
                  "乌克兰": "504065", 
                  "乌兹别克斯坦": "274942", 
                  "新加坡": "4501930", 
                  "新西兰": "510010", 
                  "匈牙利": "604935", 
                  "叙利亚": "110281", 
                  "亚美尼亚": "14385", 
                  "也门": "164304", 
                  "伊拉克": "833042", 
                  "伊朗": "1858482", 
                  "以色列": "891847", 
                  "印度": "6804225", 
                  "印度尼西亚": "3475739", 
                  "约旦": "280361", 
                  "越南": "7161725"
            }, 
            {
                  "date": "2018年", 
                  "阿尔巴尼亚": "53991", 
                  "阿富汗": "66759", 
                  "阿联酋": "2965125", 
                  "阿曼": "286461", 
                  "阿塞拜疆": "51593", 
                  "埃及": "1198721", 
                  "埃塞俄比亚": "253087", 
                  "爱沙尼亚": "103151", 
                  "巴基斯坦": "1693332", 
                  "巴勒斯坦": "7336", 
                  "巴林": "113552", 
                  "白俄罗斯": "114159", 
                  "保加利亚": "144025", 
                  "波黑": "10972", 
                  "波兰": "2087621", 
                  "不丹": "1283", 
                  "东帝汶": "13239", 
                  "俄罗斯": "4796527", 
                  "菲律宾": "3503664", 
                  "格鲁吉亚": "109554", 
                  "哈萨克斯坦": "1135153", 
                  "韩国": "10875614", 
                  "黑山": "17810", 
                  "吉尔吉斯斯坦": "555679", 
                  "柬埔寨": "600752", 
                  "捷克": "1190958", 
                  "卡塔尔": "248241", 
                  "科威特": "331265", 
                  "克罗地亚": "132716", 
                  "拉脱维亚": "116609", 
                  "老挝": "145400", 
                  "黎巴嫩": "196928", 
                  "立陶宛": "176296", 
                  "罗马尼亚": "450711", 
                  "马尔代夫": "39617", 
                  "马来西亚": "4537599", 
                  "北马其顿": "10574", 
                  "蒙古国": "164489", 
                  "孟加拉国": "1775306", 
                  "缅甸": "1054777", 
                  "摩尔多瓦": "10870", 
                  "南非": "1624838", 
                  "尼泊尔": "107737", 
                  "塞尔维亚": "72830", 
                  "沙特阿拉伯": "1742804", 
                  "斯里兰卡": "425505", 
                  "斯洛伐克": "253585", 
                  "斯洛文尼亚": "442423", 
                  "塔吉克斯坦": "142908", 
                  "泰国": "4287872", 
                  "土耳其": "1778860", 
                  "土库曼斯坦": "31693", 
                  "文莱": "159195", 
                  "乌克兰": "701850", 
                  "乌兹别克斯坦": "394473", 
                  "新加坡": "4903663", 
                  "新西兰": "577470", 
                  "匈牙利": "654021", 
                  "叙利亚": "127277", 
                  "亚美尼亚": "21318", 
                  "也门": "187461", 
                  "伊拉克": "790332", 
                  "伊朗": "1393973", 
                  "以色列": "927442", 
                  "印度": "7667566", 
                  "印度尼西亚": "4319141", 
                  "约旦": "296949", 
                  "越南": "8387669"
            }, 
            {
                  "date": "2019年", 
                  "阿尔巴尼亚": "60109", 
                  "阿富汗": "59980", 
                  "阿联酋": "3341289", 
                  "阿曼": "302094", 
                  "阿塞拜疆": "61639", 
                  "埃及": "1220071", 
                  "埃塞俄比亚": "232350", 
                  "爱沙尼亚": "92232", 
                  "巴基斯坦": "1616692", 
                  "巴勒斯坦": "8214", 
                  "巴林": "148415", 
                  "白俄罗斯": "179907", 
                  "保加利亚": "155479", 
                  "波黑": "11516", 
                  "波兰": "2388011", 
                  "不丹": "1091", 
                  "东帝汶": "14295", 
                  "俄罗斯": "4974849", 
                  "菲律宾": "4076385", 
                  "格鲁吉亚": "140175", 
                  "哈萨克斯坦": "1272910", 
                  "韩国": "11097441", 
                  "黑山": "11382", 
                  "吉尔吉斯斯坦": "628052", 
                  "柬埔寨": "798153", 
                  "捷克": "1297304", 
                  "卡塔尔": "240968", 
                  "科威特": "383632", 
                  "克罗地亚": "139682", 
                  "拉脱维亚": "109359", 
                  "老挝": "176245", 
                  "黎巴嫩": "167960", 
                  "立陶宛": "169764", 
                  "罗马尼亚": "457344", 
                  "马尔代夫": "34799", 
                  "马来西亚": "5214178", 
                  "北马其顿": "13483", 
                  "蒙古国": "182659", 
                  "孟加拉国": "1732329", 
                  "缅甸": "1231099", 
                  "摩尔多瓦": "12931", 
                  "南非": "1654294", 
                  "尼泊尔": "148248", 
                  "塞尔维亚": "103297", 
                  "沙特阿拉伯": "2387651", 
                  "斯里兰卡": "409061", 
                  "斯洛伐克": "292382", 
                  "斯洛文尼亚": "341152", 
                  "塔吉克斯坦": "159007", 
                  "泰国": "4558484", 
                  "土耳其": "1732370", 
                  "土库曼斯坦": "43085", 
                  "文莱": "64987", 
                  "乌克兰": "739957", 
                  "乌兹别克斯坦": "503209", 
                  "新加坡": "5479849", 
                  "新西兰": "573630", 
                  "匈牙利": "647286", 
                  "叙利亚": "131381", 
                  "亚美尼亚": "22309", 
                  "也门": "281903", 
                  "伊拉克": "946132", 
                  "伊朗": "958999", 
                  "以色列": "961496", 
                  "印度": "7482530", 
                  "印度尼西亚": "4564874", 
                  "约旦": "367792", 
                  "越南": "9786888"
            }, 
            {
                  "date": "2020年", 
                  "阿尔巴尼亚": "", 
                  "阿富汗": "", 
                  "阿联酋": "", 
                  "阿曼": "", 
                  "阿塞拜疆": "", 
                  "埃及": "", 
                  "埃塞俄比亚": "", 
                  "爱沙尼亚": "", 
                  "巴基斯坦": "", 
                  "巴勒斯坦": "", 
                  "巴林": "", 
                  "白俄罗斯": "", 
                  "保加利亚": "", 
                  "波黑": "", 
                  "波兰": "", 
                  "不丹": "", 
                  "东帝汶": "", 
                  "俄罗斯": "", 
                  "菲律宾": "", 
                  "格鲁吉亚": "", 
                  "哈萨克斯坦": "", 
                  "韩国": "", 
                  "黑山": "", 
                  "吉尔吉斯斯坦": "", 
                  "柬埔寨": "", 
                  "捷克": "", 
                  "卡塔尔": "", 
                  "科威特": "", 
                  "克罗地亚": "", 
                  "拉脱维亚": "", 
                  "老挝": "", 
                  "黎巴嫩": "", 
                  "立陶宛": "", 
                  "罗马尼亚": "", 
                  "马尔代夫": "", 
                  "马来西亚": "", 
                  "北马其顿": "", 
                  "蒙古国": "", 
                  "孟加拉国": "", 
                  "缅甸": "", 
                  "摩尔多瓦": "", 
                  "南非": "", 
                  "尼泊尔": "", 
                  "塞尔维亚": "", 
                  "沙特阿拉伯": "", 
                  "斯里兰卡": "", 
                  "斯洛伐克": "", 
                  "斯洛文尼亚": "", 
                  "塔吉克斯坦": "", 
                  "泰国": "", 
                  "土耳其": "", 
                  "土库曼斯坦": "", 
                  "文莱": "", 
                  "乌克兰": "", 
                  "乌兹别克斯坦": "", 
                  "新加坡": "", 
                  "新西兰": "", 
                  "匈牙利": "", 
                  "叙利亚": "", 
                  "亚美尼亚": "", 
                  "也门": "", 
                  "伊拉克": "", 
                  "伊朗": "", 
                  "以色列": "", 
                  "印度": "", 
                  "印度尼西亚": "", 
                  "约旦": "", 
                  "越南": ""
            }
      ]
}